{"cameraMode":{"drawMode":0,"name":"Shaded","section":"Shading Mode"},"sceneLighting":false,"audioPlay":false,"sceneViewState":{"showFog":true,"showMaterialUpdate":false,"showSkybox":false,"showFlares":true,"showImageEffects":true,"showParticleSystems":true},"in2DMode":false,"pivot":{"x":3.945733070373535,"y":1.2622566223144532,"z":0.12901532649993897},"rotation":{"x":0.19093726575374604,"y":-0.17563293874263764,"z":0.034745145589113238,"w":0.9651474952697754},"size":7.2306108474731449,"orthographic":false}