{"cameraMode":{"drawMode":0,"name":"Shaded","section":"Shading Mode"},"sceneLighting":false,"audioPlay":false,"sceneViewState":{"showFog":true,"showMaterialUpdate":false,"showSkybox":false,"showFlares":true,"showImageEffects":true,"showParticleSystems":true},"in2DMode":false,"pivot":{"x":-0.9977754354476929,"y":0.6007951498031616,"z":-4.470348358154297e-8},"rotation":{"x":0.19848202168941499,"y":-0.2829895317554474,"z":0.05987643450498581,"w":0.9365555047988892},"size":1.3072415590286255,"orthographic":false}