{"cameraMode":{"drawMode":0,"name":"Shaded","section":"Shading Mode"},"sceneLighting":false,"audioPlay":false,"sceneViewState":{"showFog":true,"showMaterialUpdate":false,"showSkybox":false,"showFlares":true,"showImageEffects":true,"showParticleSystems":true},"in2DMode":false,"pivot":{"x":4.300000190734863,"y":12.000640869140625,"z":-15.760498046875},"rotation":{"x":0.2138948291540146,"y":-0.378745973110199,"z":0.09034803509712219,"w":0.8960011601448059},"size":0.8201265931129456,"orthographic":false}